Func_Name,Start_Time,End_Time
monte_carlo,1746274481.0783782,1746274487.6755774
rzf2,1746274487.675811,1746274487.680714
ram,1746274487.6807446,1746274487.6807625
rzf2sleep,1746274487.6807806,1746274487.6958585
network,1746274487.6959171,1746274488.0716984
readFromFile,1746274488.071785,1746274488.0718257
rationalApprox,1746274488.0718462,1746274488.071849
